Key,Species,Subject,Location,Home,ObservationNumber,Date,Time,Photoperiod,Weather,VisibilityIssue,Arrival,Condition,NumSubjectsInObservation,Interference,AggressionSeen,Dog,Coyote,PuzzleReset,TrialLengthAvg,TrialLengthMax,PropVigilantAvg_RT,PropVigilantMax_RT,LookAtCamera_RT,Touch_RT,WorkTimeAvg_PS,WorkTimeMax_PS,Urinate,TotalExplorationAvg_RT,TotalExplorationMax_RT,ExploratoryDiversityAvg_PS,ExploratoryDiversityMax_PS,ActivityRateAvg_PS,ActivityRateMax_PS,Solve_PS,WasSolveOffCamera,FinalSolverofLocation,Solve_PS_Binary,TrialNumber_RT,TrialNumber_PS,Dummy
Coyote 1_Coyote_Beery Home_1_Alone,Coyote,Coyote 1,Beery Home,Yes,1,11/22/2022,14:49:06,day,clear,No,First,Alone,1,No,No,Yes,Yes,No,15.612,15.612,0.803868819,0.803868819,No,No,0,0,No,1,1,1,1,0,0,DidNotAttempt,DidNotAttempt,Raccoon,NA,1,NA,NA
Coyote 1_Coyote_Belgum Trail_3_Alone,Coyote,Coyote 1,Belgum Trail,No,3,11/28/2023,23:53:15,night,rainy,No,NotFirst,Alone,1,No,No,Yes,Yes,Yes,26.998,26.998,1,1,Yes,No,0,0,No,0,0,0,0,0,0,DidNotAttempt,DidNotAttempt,Raccoon,NA,1,NA,NA
Coyote 1_Coyote_Briones 2 North_1_Alone,Coyote,Coyote 1,Briones 2 North,No,1,12/6/2023,22:55:18,night,clear,No,First,Alone,1,No,No,No,Yes,No,5.499,5.499,1,1,No,No,0,0,No,0,0,0,0,0,0,DidNotAttempt,DidNotAttempt,Coyote,NA,1,NA,NA
Coyote 1_Coyote_Chabot Space Center_2_Alone,Coyote,Coyote 1,Chabot Space Center,No,2,11/10/2023,7:56:40,day,clear,No,NotFirst,Alone,1,No,No,No,Yes,No,35.597,35.597,0.157288536,0.157288536,No,Yes,18.999,18.999,No,5,5,3,3,0.263171746,0.263171746,No,No,None,0,1,1,NA
Group_Coyote_Huntsinger Home 1_2_Group,Coyote,Group,Huntsinger Home 1,Yes,2,11/24/2022,3:57:21,night,clear,No,NotFirst,Group,2,No,No,No,Yes,No,13.1985,25.098,1,1,Yes,No,0,0,No,1,1,1,1,0,0,DidNotAttempt,DidNotAttempt,Red Fox,NA,1,NA,NA
Group_Coyote_Johns Home_5_Group,Coyote,Group,Johns Home,Yes,5,11/24/2022,1:41:21,night,clear,No,NotFirst,Group,2,No,No,No,Yes,No,1.453,2.906,0.757398486,0.757398486,Yes,No,0,0,No,1,1,1,1,0,0,DidNotAttempt,DidNotAttempt,Raccoon,NA,1,NA,NA
Coyote 1_Coyote_Lake Chabot Dumpster_4_Alone,Coyote,Coyote 1,Lake Chabot Dumpster,No,4,12/1/2023,22:31:58,night,clear,No,NotFirst,Alone,1,No,No,No,Yes,No,25.063,25.063,0.13430156,0.13430156,No,Yes,6.132,6.132,No,3,3,2,2,0.489236791,0.489236791,No,No,Raccoon,0,1,1,NA
Coyote 1_Coyote_Lake Chabot Valley_2_Alone,Coyote,Coyote 1,Lake Chabot Valley,No,2,12/11/2023,6:58:33,night,clear,No,NotFirst,Alone,1,No,No,No,Yes,No,23.563,23.563,0,0,No,Yes,0.833,0.833,No,3,3,1,1,3.601440576,3.601440576,No,No,None,0,1,1,NA
Coyote 1_Coyote_OZ Cali Trail_1_Alone,Coyote,Coyote 1,OZ Cali Trail,No,1,2/28/2023,7:01:29,day,clear,No,First,Alone,1,No,No,No,Yes,Yes,13.131,13.131,0,0,No,Yes,6.232,6.232,No,5,5,2,2,0.802310655,0.802310655,No,No,None,0,1,1,NA
Coyote 1_Coyote_Rifle Range Road Trailhead_2_Alone,Coyote,Coyote 1,Rifle Range Road Trailhead,No,2,11/25/2023,4:19:39,night,clear,No,NotFirst,Alone,1,No,No,No,Yes,No,17.055,17.055,0,0,Yes,Yes,13.846,13.846,No,4,4,3,3,0.288892099,0.288892099,No,No,None,0,1,1,NA
Coyote 1_Coyote_Sibley Volcanic Regional Preserve_1_Alone,Coyote,Coyote 1,Sibley Volcanic Regional Preserve,No,1,11/8/2023,6:50:19,night,clear,No,First,Alone,1,No,No,No,Yes,No,2.626,2.626,0,0,Yes,No,0,0,No,1,1,1,1,0,0,DidNotAttempt,DidNotAttempt,None,NA,1,NA,NA
Coyote 1_Coyote_Skyline Gate Staging Area_1_Alone,Coyote,Coyote 1,Skyline Gate Staging Area,No,1,11/15/2023,18:51:02,night,clear,No,First,Alone,1,No,No,No,Yes,No,3.74,3.74,0.770320856,0.770320856,Yes,No,0,0,No,1,1,1,1,0,0,DidNotAttempt,DidNotAttempt,None,NA,1,NA,NA
Coyote 1_Coyote_Sunset View Cemetery_1_Alone,Coyote,Coyote 1,Sunset View Cemetery,No,1,2/22/2023,5:24:11,night,clear,No,First,Alone,1,No,No,No,Yes,No,71.678,71.678,0.093822372,0.093822372,Yes,Yes,13.364,13.364,No,12,12,3,3,0.89793475,0.89793475,Yes,Yes,Coyote,1,1,1,NA
Coyote 1_Coyote_Tilden Nature Area-Jewel Lake_1_Alone,Coyote,Coyote 1,Tilden Nature Area-Jewel Lake,No,1,11/10/2023,20:42:16,night,clear,No,First,Alone,1,No,No,No,Yes,Yes,11.065,11.065,0,0,No,No,0,0,No,0,0,0,0,0,0,DidNotAttempt,DidNotAttempt,None,NA,1,NA,NA
Coyote 1_Coyote_Tilden Nature Area-Loop Road Parking_1_Alone,Coyote,Coyote 1,Tilden Nature Area-Loop Road Parking,No,1,11/11/2023,7:51:17,day,clear,No,First,Alone,1,No,No,No,Yes,No,7.932,7.932,0,0,Yes,Yes,5.6,5.6,No,4,4,3,3,0.714285714,0.714285714,Yes,No,Coyote,1,1,1,NA
Coyote 1_Coyote_Tilden Regional Park-Lake Anza_6_Alone,Coyote,Coyote 1,Tilden Regional Park-Lake Anza,No,6,11/16/2023,0:01:14,night,clear,No,NotFirst,Alone,1,No,No,Yes,Yes,No,6.465,6.465,0,0,No,No,0,0,No,1,1,1,1,0,0,DidNotAttempt,DidNotAttempt,Coyote,NA,1,NA,NA
Coyote 1_Coyote_Tilden Regional Park-Nimitz Way_2_Alone,Coyote,Coyote 1,Tilden Regional Park-Nimitz Way,No,2,11/16/2023,17:50:44,night,clear,No,NotFirst,Alone,1,No,No,Yes,Yes,No,8.132,8.132,0,0,No,Yes,5.9,5.9,No,4,4,4,4,0.677966102,0.677966102,Yes,No,Coyote,1,1,1,NA
Coyote 1_Coyote_Tudor Home_4_Alone,Coyote,Coyote 1,Tudor Home,Yes,4,1/31/2023,17:10:07,day,clear,No,NotFirst,Alone,1,No,No,No,Yes,No,5.954,5.954,0,0,Yes,Yes,1.3,1.3,No,3,3,3,3,2.307692308,2.307692308,Yes,No,Coyote,1,1,1,NA
Coyote 1_Coyote_Wildcat Canyon Regional Park_6_Alone,Coyote,Coyote 1,Wildcat Canyon Regional Park,No,6,11/26/2023,18:30:40,night,clear,No,NotFirst,Alone,1,No,No,No,Yes,No,1.34,1.34,1,1,Yes,No,0,0,No,0,0,0,0,0,0,DidNotAttempt,DidNotAttempt,None,NA,1,NA,NA
Domestic Cat 1_Domestic Cat_Albany Waterfront Trail-Albany Bulb_1_Alone,Domestic Cat,Domestic Cat 1,Albany Waterfront Trail-Albany Bulb,No,1,11/30/2023,1:56:42,night,clear,Yes,First,Alone,1,No,No,No,No,No,282.812,282.812,0,0,Yes,Yes,281.413,281.413,No,51,51,7,7,0.181228301,0.181228301,No,No,Opossum,0,1,1,NA
Domestic Cat 1_Domestic Cat_Albe Home_1_Alone,Domestic Cat,Domestic Cat 1,Albe Home,Yes,1,11/22/2022,4:47:32,night,clear,No,First,Alone,1,No,No,No,No,No,19.163,19.163,0.351301988,0.351301988,No,No,0,0,No,1,1,1,1,0,0,DidNotAttempt,DidNotAttempt,Raccoon,NA,1,NA,NA
Domestic Cat 1_Domestic Cat_Andrews Home_12_Alone,Domestic Cat,Domestic Cat 1,Andrews Home,Yes,12,2/1/2023,17:53:25,night,clear,Yes,NotFirst,Alone,1,No,No,No,No,No,102.258,102.258,0,0,No,Yes,70.208,70.208,No,22,22,4,4,0.313354603,0.313354603,No,No,None,0,1,1,NA
Domestic Cat 1_Domestic Cat_Bataclan Home_2_Alone,Domestic Cat,Domestic Cat 1,Bataclan Home,Yes,2,2/9/2023,15:58:53,day,clear,No,NotFirst,Alone,1,No,No,Yes,No,No,26.035,26.035,0,0,No,No,0,0,No,1,1,1,1,0,0,DidNotAttempt,DidNotAttempt,None,NA,1,NA,NA
Domestic Cat 1_Domestic Cat_Bates-Luterman Home_2_Alone,Domestic Cat,Domestic Cat 1,Bates-Luterman Home,Yes,2,11/28/2023,15:07:44,day,clear,No,NotFirst,Alone,1,No,No,No,No,No,37.957,37.957,0,0,No,Yes,8.959,8.959,No,4,4,2,2,0.446478402,0.446478402,No,No,Raccoon,0,1,1,NA
Domestic Cat 1_Domestic Cat_Belau Home_1_Alone,Domestic Cat,Domestic Cat 1,Belau Home,Yes,1,12/13/2023,15:19:57,day,clear,No,First,Alone,1,No,No,No,No,No,29.938,29.938,0,0,No,No,0,0,No,1,1,1,1,0,0,DidNotAttempt,DidNotAttempt,None,NA,1,NA,NA
Domestic Cat 1_Domestic Cat_Berges Home_2_Alone,Domestic Cat,Domestic Cat 1,Berges Home,Yes,2,1/28/2023,21:09:03,night,clear,No,NotFirst,Alone,1,No,No,No,No,No,60.013,60.013,0,0,Yes,Yes,38.754,38.754,No,7,7,3,3,0.180626516,0.180626516,No,No,Raccoon,0,1,1,NA
Domestic Cat 1_Domestic Cat_Berges Studio_1_Alone,Domestic Cat,Domestic Cat 1,Berges Studio,No,1,2/17/2023,4:02:45,night,clear,Yes,First,Alone,1,No,No,No,No,No,236.704,236.704,0,0,No,Yes,215.867,215.867,No,32,32,6,6,0.148239425,0.148239425,No,No,None,0,1,1,NA
Domestic Cat 1_Domestic Cat_Booker T. Anderson Park_6_Alone,Domestic Cat,Domestic Cat 1,Booker T. Anderson Park,No,6,11/27/2023,8:21:04,day,clear,No,NotFirst,Alone,1,No,No,No,No,No,26.464,26.464,0,0,No,Yes,16.898,16.898,No,1,1,1,1,0.059178601,0.059178601,No,No,Domestic Cat,0,1,1,NA
Domestic Cat 1_Domestic Cat_Borozan Home_3_Alone,Domestic Cat,Domestic Cat 1,Borozan Home,Yes,3,12/1/2023,18:13:57,night,clear,No,NotFirst,Alone,1,No,No,Yes,No,No,87.226,87.226,0,0,No,Yes,67.395,67.395,Yes,13,13,4,4,0.192892648,0.192892648,No,No,None,0,1,1,NA
Domestic Cat 1_Domestic Cat_Carlen Home_1_Alone,Domestic Cat,Domestic Cat 1,Carlen Home,Yes,1,12/11/2023,15:09:06,day,clear,No,First,Alone,1,No,No,No,No,No,16.665,16.665,0,0,No,No,0,0,No,2,2,1,1,0,0,DidNotAttempt,DidNotAttempt,Opossum,NA,1,NA,NA
Domestic Cat 1_Domestic Cat_Carquinez_1_Alone,Domestic Cat,Domestic Cat 1,Carquinez,No,1,11/29/2023,7:32:40,day,clear,No,First,Alone,1,No,No,No,No,No,7.032,7.032,0,0,No,No,0,0,No,1,1,1,1,0,0,DidNotAttempt,DidNotAttempt,Raccoon,NA,1,NA,NA
Domestic Cat 1_Domestic Cat_Crown Memorial State Beach_6_Alone,Domestic Cat,Domestic Cat 1,Crown Memorial State Beach,No,6,12/8/2023,15:46:16,day,clear,No,NotFirst,Alone,1,No,No,Yes,No,No,31.858,31.858,0,0,No,Yes,23.059,23.059,No,3,3,2,2,0.130101045,0.130101045,No,No,Opossum,0,1,1,NA
Domestic Cat 1_Domestic Cat_Dwyer Home_3_Alone,Domestic Cat,Domestic Cat 1,Dwyer Home,Yes,3,12/10/2023,12:51:06,day,clear,No,NotFirst,Alone,1,No,No,No,No,No,56.191,56.191,0,0,No,Yes,16.932,16.932,No,3,3,2,2,0.177179305,0.177179305,No,No,None,0,1,1,NA
Domestic Cat 1_Domestic Cat_Emerson Home_3_Alone,Domestic Cat,Domestic Cat 1,Emerson Home,Yes,3,11/30/2022,12:33:06,day,clear,No,NotFirst,Alone,1,No,No,No,No,No,9.399,9.399,0,0,No,No,0,0,No,1,1,1,1,0,0,DidNotAttempt,DidNotAttempt,None,NA,1,NA,NA
Domestic Cat 1_Domestic Cat_Fortmann Home_2_Alone,Domestic Cat,Domestic Cat 1,Fortmann Home,Yes,2,11/24/2022,2:35:27,night,clear,No,NotFirst,Alone,1,No,No,Yes,No,No,34.966,34.966,0,0,No,No,0,0,No,3,3,1,1,0,0,DidNotAttempt,DidNotAttempt,None,NA,1,NA,NA
Domestic Cat 1_Domestic Cat_Frey Home_2_Alone,Domestic Cat,Domestic Cat 1,Frey Home,Yes,2,2/21/2023,9:37:41,day,clear,No,NotFirst,Alone,1,No,No,No,No,No,82.528,82.528,0,0,No,Yes,32.297,32.297,No,8,8,3,3,0.247701025,0.247701025,No,No,Raccoon,0,1,1,NA
Domestic Cat 1_Domestic Cat_Getz Home 2_1_Alone,Domestic Cat,Domestic Cat 1,Getz Home 2,Yes,1,11/9/2023,15:50:26,day,clear,No,First,Alone,1,No,No,No,No,No,18.931,18.931,0,0,No,No,0,0,No,1,1,1,1,0,0,DidNotAttempt,DidNotAttempt,Raccoon,NA,1,NA,NA
Domestic Cat 1_Domestic Cat_Gunther-Murphy Home_1_Alone,Domestic Cat,Domestic Cat 1,Gunther-Murphy Home,Yes,1,2/16/2023,21:50:32,night,clear,No,First,Alone,1,No,No,No,No,No,306.679,306.679,0,0,Yes,Yes,286.214,286.214,No,53,53,6,6,0.185176127,0.185176127,No,No,Opossum,0,1,1,NA
Domestic Cat 1_Domestic Cat_Hamilton Home - Yard_1_Alone,Domestic Cat,Domestic Cat 1,Hamilton Home - Yard,Yes,1,1/26/2023,12:12:48,day,clear,No,First,Alone,1,No,No,No,No,No,7.032,7.032,0,0,No,No,0,0,No,1,1,1,1,0,0,DidNotAttempt,DidNotAttempt,Raccoon,NA,1,NA,NA
Domestic Cat 1_Domestic Cat_Harley Home_1_Alone,Domestic Cat,Domestic Cat 1,Harley Home,Yes,1,2/16/2023,19:27:06,night,clear,No,First,Alone,1,No,No,No,No,No,34.83,34.83,0,0,No,No,0,0,No,1,1,1,1,0,0,DidNotAttempt,DidNotAttempt,Skunk,NA,1,NA,NA
Domestic Cat 1_Domestic Cat_Hilltop Lake Park_1_Alone,Domestic Cat,Domestic Cat 1,Hilltop Lake Park,No,1,11/13/2023,7:32:57,day,clear,No,First,Alone,1,No,No,No,No,No,22.698,22.698,0,0,No,Yes,14.266,14.266,No,2,2,2,2,0.140193467,0.140193467,No,No,Opossum,0,1,1,NA
Domestic Cat 1_Domestic Cat_Hoover Home_1_Alone,Domestic Cat,Domestic Cat 1,Hoover Home,Yes,1,11/22/2023,14:06:18,day,clear,No,First,Alone,1,No,No,No,No,No,41.031,41.031,0,0,Yes,Yes,4.532,4.532,No,2,2,2,2,0.441306267,0.441306267,No,No,Raccoon,0,1,1,NA
Domestic Cat 1_Domestic Cat_Huntsinger Home 1_9_Alone,Domestic Cat,Domestic Cat 1,Huntsinger Home 1,Yes,9,11/25/2022,10:30:45,day,clear,No,NotFirst,Alone,1,No,No,No,Yes,No,13.933,13.933,0,0,No,No,0,0,No,1,1,1,1,0,0,DidNotAttempt,DidNotAttempt,Red Fox,NA,1,NA,NA
Domestic Cat 1_Domestic Cat_Jean Sweeney Park_2_Alone,Domestic Cat,Domestic Cat 1,Jean Sweeney Park,No,2,11/30/2023,17:54:58,night,clear,No,NotFirst,Alone,1,No,No,Yes,No,No,104.824,104.824,0,0,No,Yes,83.16,83.16,No,11,11,3,3,0.132275132,0.132275132,No,No,Raccoon,0,1,1,NA
Domestic Cat 1_Domestic Cat_John Herbert Davis Park_4_Alone,Domestic Cat,Domestic Cat 1,John Herbert Davis Park,No,4,12/5/2023,14:31:43,day,clear,No,NotFirst,Alone,1,No,No,No,No,No,0.899,0.899,0,0,No,No,0,0,No,1,1,1,1,0,0,DidNotAttempt,DidNotAttempt,Raccoon,NA,1,NA,NA
Domestic Cat 1_Domestic Cat_Johns Home_1_Alone,Domestic Cat,Domestic Cat 1,Johns Home,Yes,1,11/23/2022,11:33:24,day,clear,No,First,Alone,1,No,No,No,Yes,No,90.69,90.69,0,0,Yes,Yes,11.169,11.169,No,5,5,2,2,0.447667652,0.447667652,No,No,Raccoon,0,1,1,NA
Domestic Cat 1_Domestic Cat_Lerman Home_1_Alone,Domestic Cat,Domestic Cat 1,Lerman Home,Yes,1,1/26/2023,14:07:43,day,clear,No,First,Alone,1,No,No,No,No,No,7.499,7.499,0,0,No,Yes,7.499,7.499,No,3,3,2,2,0.40005334,0.40005334,No,No,Raccoon,0,1,1,NA
Domestic Cat 1_Domestic Cat_Lim Home_1_Alone,Domestic Cat,Domestic Cat 1,Lim Home,Yes,1,11/28/2023,17:16:07,night,clear,No,First,Alone,1,No,No,No,No,No,79.51,79.51,0,0,Yes,No,0,0,No,5,5,1,1,0,0,DidNotAttempt,DidNotAttempt,Opossum,NA,1,NA,NA
Domestic Cat 1_Domestic Cat_Maness Home_3_Alone,Domestic Cat,Domestic Cat 1,Maness Home,Yes,3,1/25/2023,12:14:12,day,clear,No,NotFirst,Alone,1,No,No,No,No,No,32.232,32.232,0,0,Yes,No,0,0,No,3,3,1,1,0,0,DidNotAttempt,DidNotAttempt,Raccoon,NA,1,NA,NA
Domestic Cat 1_Domestic Cat_Marcus Home_50_Alone,Domestic Cat,Domestic Cat 1,Marcus Home,Yes,50,1/29/2023,4:15:15,night,clear,No,NotFirst,Alone,1,No,No,No,No,No,22.564,22.564,0,0,No,No,0,0,No,1,1,1,1,0,0,DidNotAttempt,DidNotAttempt,Skunk,NA,1,NA,NA
Domestic Cat 1_Domestic Cat_Mason Home_1_Alone,Domestic Cat,Domestic Cat 1,Mason Home,Yes,1,11/24/2022,16:14:47,day,clear,No,First,Alone,1,No,No,No,No,No,23.198,23.198,0,0,No,No,0,0,No,2,2,1,1,0,0,DidNotAttempt,DidNotAttempt,None,NA,1,NA,NA
Domestic Cat 1_Domestic Cat_McLaughlin Eastshore State Park_3_Alone,Domestic Cat,Domestic Cat 1,McLaughlin Eastshore State Park,No,3,12/2/2023,4:00:54,night,rainy,No,NotFirst,Alone,1,No,No,Yes,No,No,102.725,102.725,0,0,No,Yes,66.928,66.928,No,9,9,3,3,0.134472866,0.134472866,No,No,None,0,1,1,NA
Domestic Cat 1_Domestic Cat_Metropolitan Golf Links_3_Alone,Domestic Cat,Domestic Cat 1,Metropolitan Golf Links,No,3,12/8/2023,14:40:06,day,clear,No,NotFirst,Alone,1,No,No,Yes,No,No,55.281,55.281,0,0,No,Yes,25.254,25.254,No,7,7,3,3,0.277183812,0.277183812,No,No,None,0,1,1,NA
Domestic Cat 1_Domestic Cat_Mirmalek Home_6_Alone,Domestic Cat,Domestic Cat 1,Mirmalek Home,Yes,6,11/24/2022,23:48:21,night,clear,No,NotFirst,Alone,1,No,No,No,No,No,14.373,14.373,0,0,No,No,0,0,No,1,1,1,1,0,0,DidNotAttempt,DidNotAttempt,None,NA,1,NA,NA
Domestic Cat 1_Domestic Cat_Morello-Frosch Home_1_Alone,Domestic Cat,Domestic Cat 1,Morello-Frosch Home,Yes,1,11/22/2022,14:44:42,day,clear,No,First,Alone,1,No,No,No,No,No,81.677,81.677,0,0,No,No,0,0,No,2,2,1,1,0,0,DidNotAttempt,DidNotAttempt,Raccoon,NA,1,NA,NA
Domestic Cat 1_Domestic Cat_Neumann Home_2_Alone,Domestic Cat,Domestic Cat 1,Neumann Home,Yes,2,11/11/2023,10:25:43,day,clear,No,NotFirst,Alone,1,No,No,No,No,No,20.327,20.327,0,0,No,No,0,0,No,1,1,1,1,0,0,DidNotAttempt,DidNotAttempt,None,NA,1,NA,NA
Domestic Cat 1_Domestic Cat_North Richmond Ballpark_1_Alone,Domestic Cat,Domestic Cat 1,North Richmond Ballpark,No,1,11/9/2023,19:48:48,night,clear,No,First,Alone,1,No,No,No,No,Yes,20.098,20.098,0,0,No,Yes,7.666,7.666,No,1,1,1,1,0.130446126,0.130446126,No,No,Raccoon,0,1,1,NA
Domestic Cat 1_Domestic Cat_Ochoa Home_7_Alone,Domestic Cat,Domestic Cat 1,Ochoa Home,Yes,7,12/14/2023,10:03:26,day,clear,No,NotFirst,Alone,1,No,No,No,No,No,33.839,33.839,0.470285765,0.470285765,Yes,No,0,0,No,1,1,1,1,0,0,DidNotAttempt,DidNotAttempt,None,NA,1,NA,NA
Domestic Cat 1_Domestic Cat_Osborne Home_1_Alone,Domestic Cat,Domestic Cat 1,Osborne Home,Yes,1,12/4/2023,3:30:30,night,clear,No,First,Alone,1,No,No,No,No,No,59.874,59.874,0,0,No,Yes,19.958,19.958,No,3,3,2,2,0.150315663,0.150315663,No,No,None,0,1,1,NA
Domestic Cat 1_Domestic Cat_Picone Home_9_Alone,Domestic Cat,Domestic Cat 1,Picone Home,Yes,9,12/4/2022,12:58:22,day,clear,No,NotFirst,Alone,1,No,No,No,No,No,7.399,7.399,0,0,No,No,0,0,No,1,1,1,1,0,0,DidNotAttempt,DidNotAttempt,None,NA,1,NA,NA
Domestic Cat 1_Domestic Cat_Point Isabel Regional Shoreline_1_Alone,Domestic Cat,Domestic Cat 1,Point Isabel Regional Shoreline,No,1,11/14/2023,18:27:26,night,clear,No,First,Alone,1,No,No,Yes,No,No,92.179,92.179,0,0,Yes,Yes,63.363,63.363,No,7,7,3,3,0.110474567,0.110474567,No,No,Domestic Cat,0,1,1,NA
Domestic Cat 1_Domestic Cat_Rokoff Home - Side_1_Alone,Domestic Cat,Domestic Cat 1,Rokoff Home - Side,Yes,1,2/9/2023,19:43:21,night,clear,No,First,Alone,1,No,No,No,No,No,8.427,8.427,0,0,No,No,0,0,No,1,1,1,1,0,0,DidNotAttempt,DidNotAttempt,None,NA,1,NA,NA
Domestic Cat 1_Domestic Cat_Scott Home_10_Alone,Domestic Cat,Domestic Cat 1,Scott Home,Yes,10,12/5/2022,15:54:28,day,clear,No,NotFirst,Alone,1,No,No,No,No,No,19.458,19.458,0,0,No,No,0,0,No,0,0,0,0,0,0,DidNotAttempt,DidNotAttempt,None,NA,1,NA,NA
Domestic Cat 1_Domestic Cat_Sherman Home_1_Alone,Domestic Cat,Domestic Cat 1,Sherman Home,Yes,1,11/23/2022,22:40:45,night,clear,No,First,Alone,1,No,No,No,Yes,No,7.304,7.304,0,0,Yes,No,0,0,No,1,1,1,1,0,0,DidNotAttempt,DidNotAttempt,Opossum,NA,1,NA,NA
Domestic Cat 1_Domestic Cat_Sherrer Home - Front_1_Alone,Domestic Cat,Domestic Cat 1,Sherrer Home - Front,Yes,1,2/12/2023,13:39:15,day,clear,No,First,Alone,1,No,No,No,No,No,18.953,18.953,0,0,No,No,0,0,No,1,1,1,1,0,0,DidNotAttempt,DidNotAttempt,None,NA,1,NA,NA
Domestic Cat 1_Domestic Cat_Sobrante Ridge Regional Preserve_2_Alone,Domestic Cat,Domestic Cat 1,Sobrante Ridge Regional Preserve,No,2,11/11/2023,12:16:23,day,clear,No,NotFirst,Alone,1,No,No,No,Yes,No,40.478,40.478,0,0,No,Yes,30.899,30.899,No,9,9,3,3,0.291271562,0.291271562,No,No,Raccoon,0,1,1,NA
Domestic Cat 1_Domestic Cat_Squire Home_3_Alone,Domestic Cat,Domestic Cat 1,Squire Home,Yes,3,11/29/2023,4:20:46,night,rainy,No,NotFirst,Alone,1,No,No,No,No,No,20.099,20.099,0,0,No,No,0,0,No,2,2,1,1,0,0,DidNotAttempt,DidNotAttempt,Raccoon,NA,1,NA,NA
Domestic Cat 1_Domestic Cat_Temescal Regional Recreation Area_2_Alone,Domestic Cat,Domestic Cat 1,Temescal Regional Recreation Area,No,2,11/9/2023,14:46:06,day,clear,Yes,NotFirst,Alone,1,No,No,No,Yes,No,42.469,42.469,0,0,No,Yes,26.855,26.855,No,3,3,3,3,0.111711041,0.111711041,No,No,Red Fox,0,1,1,NA
Domestic Cat 1_Domestic Cat_The Dog Social Club Cooperative_1_Alone,Domestic Cat,Domestic Cat 1,The Dog Social Club Cooperative,No,1,2/22/2023,1:43:42,night,clear,No,First,Alone,1,No,No,No,No,No,40.048,40.048,0,0,No,No,0,0,No,1,1,1,1,0,0,DidNotAttempt,DidNotAttempt,None,NA,1,NA,NA
Domestic Cat 1_Domestic Cat_Urban Tilth's Edible Forest_6_Alone,Domestic Cat,Domestic Cat 1,Urban Tilth's Edible Forest,No,6,12/9/2023,22:03:36,night,clear,No,NotFirst,Alone,1,No,No,Yes,No,No,16.474,16.474,0,0,Yes,Yes,14.293,14.293,No,5,5,4,4,0.349821591,0.349821591,No,No,None,0,1,1,NA
Domestic Cat 1_Domestic Cat_Wakefield Home_1_Alone,Domestic Cat,Domestic Cat 1,Wakefield Home,Yes,1,1/28/2023,18:00:13,night,clear,No,First,Alone,1,No,No,No,No,No,16.682,16.682,0,0,No,No,0,0,No,1,1,1,1,0,0,DidNotAttempt,DidNotAttempt,None,NA,1,NA,NA
Domestic Cat 1_Domestic Cat_Williams Home_6_Alone,Domestic Cat,Domestic Cat 1,Williams Home,Yes,6,3/1/2023,1:07:55,night,clear,No,NotFirst,Alone,1,No,No,No,No,No,20.739,20.739,0,0,Yes,No,0,0,No,2,2,1,1,0,0,DidNotAttempt,DidNotAttempt,None,NA,1,NA,NA
Domestic Cat 1_Domestic Cat_YES Nature to Neighborhoods_1_Alone,Domestic Cat,Domestic Cat 1,YES Nature to Neighborhoods,No,1,11/8/2023,10:57:42,day,clear,No,First,Alone,1,No,No,No,No,Yes,17.416,17.416,0,0,No,No,0,0,No,1,1,1,1,0,0,DidNotAttempt,DidNotAttempt,None,NA,1,NA,NA
Gray Fox 1_Gray Fox_Huckleberry Botanic Regional Preserve_1_Alone,Gray Fox,Gray Fox 1,Huckleberry Botanic Regional Preserve,No,1,11/7/2023,18:33:15,night,clear,No,First,Alone,1,No,No,No,Yes,No,19.399,19.399,0,0,Yes,Yes,10.434,10.434,Yes,4,4,4,4,0.383362085,0.383362085,No,No,Raccoon,0,1,1,NA
Gray Fox 1_Gray Fox_Shunick Home_4_Alone,Gray Fox,Gray Fox 1,Shunick Home,Yes,4,2/19/2023,19:23:51,night,clear,No,NotFirst,Alone,1,No,No,No,No,No,7.426,7.426,0,0,No,No,0,0,Yes,1,1,1,1,0,0,DidNotAttempt,DidNotAttempt,Raccoon,NA,1,NA,NA
Gray Fox 1_Gray Fox_Sibley Volcanic Regional Preserve_2_Alone,Gray Fox,Gray Fox 1,Sibley Volcanic Regional Preserve,No,2,11/10/2023,17:46:53,night,clear,No,NotFirst,Alone,1,No,No,No,Yes,No,3.913,3.913,0,0,No,No,0,0,No,1,1,1,1,0,0,DidNotAttempt,DidNotAttempt,None,NA,1,NA,NA
Opossum 1_Opossum_Albany Waterfront Trail-Albany Bulb_5_Alone,Opossum,Opossum 1,Albany Waterfront Trail-Albany Bulb,No,5,12/2/2023,23:49:24,night,clear,No,NotFirst,Alone,1,No,No,No,No,No,79.293,79.293,0,0,No,Yes,66.129,66.129,No,14,14,6,6,0.21170742,0.21170742,No,No,Opossum,0,1,1,NA
Opossum 1_Opossum_Albe Home_4_Alone,Opossum,Opossum 1,Albe Home,Yes,4,11/22/2022,23:12:27,night,clear,No,NotFirst,Alone,1,No,No,No,No,No,4.333,4.333,0,0,No,No,0,0,No,2,2,1,1,0,0,DidNotAttempt,DidNotAttempt,Raccoon,NA,1,NA,NA
Opossum 1_Opossum_Alexander Home_2_Alone,Opossum,Opossum 1,Alexander Home,Yes,2,1/27/2023,22:30:11,night,clear,Yes,NotFirst,Alone,1,No,No,No,No,No,53.248,53.248,0,0,No,Yes,49.085,49.085,No,11,11,5,5,0.224101049,0.224101049,Yes,No,Opossum,1,1,1,NA
Opossum 1_Opossum_Andrews Home_1_Alone,Opossum,Opossum 1,Andrews Home,Yes,1,1/26/2023,0:37:14,night,clear,No,First,Alone,1,No,No,No,No,No,25.901,25.901,0,0,No,Yes,13.071,13.071,No,8,8,5,5,0.612041925,0.612041925,No,No,None,0,1,1,NA
Opossum 1_Opossum_Berges Home_161_Alone,Opossum,Opossum 1,Berges Home,Yes,161,2/4/2023,1:30:33,night,clear,No,NotFirst,Alone,1,No,No,No,No,No,32.889,32.889,0,0,No,Yes,3.322,3.322,No,5,5,3,3,1.505117399,1.505117399,No,No,Raccoon,0,1,1,NA
Opossum 1_Opossum_Blake Garden 2_3_Alone,Opossum,Opossum 1,Blake Garden 2,No,3,11/15/2023,0:29:46,night,clear,No,NotFirst,Alone,1,No,No,No,Yes,No,30.664,30.664,0,0,No,Yes,27.398,27.398,No,6,6,3,3,0.218994087,0.218994087,No,No,Opossum,0,1,1,NA
Opossum 1_Opossum_Carlen Home_12_Alone,Opossum,Opossum 1,Carlen Home,Yes,12,12/20/2023,4:24:54,night,clear,Yes,NotFirst,Alone,1,No,No,No,No,No,31.127,31.127,0,0,No,Yes,27.604,27.604,No,7,7,4,4,0.253586437,0.253586437,No,No,Opossum,0,1,1,NA
Opossum 1_Opossum_Chabot Space Center_7_Alone,Opossum,Opossum 1,Chabot Space Center,No,7,11/18/2023,0:03:43,night,rainy,No,NotFirst,Alone,1,No,No,No,Yes,No,65.428,65.428,0,0,No,Yes,50.63,50.63,No,13,13,5,5,0.256764764,0.256764764,No,No,None,0,1,1,NA
Opossum 1_Opossum_Chen Home_2_Alone,Opossum,Opossum 1,Chen Home,Yes,2,11/23/2022,18:44:08,night,clear,No,NotFirst,Alone,1,No,No,No,No,No,7.867,7.867,0,0,No,No,0,0,No,1,1,1,1,0,0,DidNotAttempt,DidNotAttempt,Raccoon,NA,1,NA,NA
Opossum 1_Opossum_Crown Memorial State Beach_2_Alone,Opossum,Opossum 1,Crown Memorial State Beach,No,2,11/30/2023,21:08:14,night,clear,Yes,NotFirst,Alone,1,No,No,Yes,No,No,44.062,44.062,0,0,No,Yes,26.064,26.064,No,6,6,3,3,0.230202578,0.230202578,No,No,Opossum,0,1,1,NA
Opossum 1_Opossum_Ehara-Brown Home_16_Alone,Opossum,Opossum 1,Ehara-Brown Home,Yes,16,2/3/2023,1:53:40,night,clear,No,NotFirst,Alone,1,No,No,No,No,No,51.216,51.216,0,0,No,Yes,40.394,40.394,No,15,15,5,5,0.371342279,0.371342279,No,No,None,0,1,1,NA
Opossum 1_Opossum_Frey Home_4_Alone,Opossum,Opossum 1,Frey Home,Yes,4,2/24/2023,3:44:17,night,just rained,Yes,NotFirst,Alone,1,No,No,No,No,No,215.452,215.452,0,0,No,Yes,186.489,186.489,No,36,36,5,5,0.193040876,0.193040876,No,No,Raccoon,0,1,1,NA
Opossum 1_Opossum_Fuller Home_1_Alone,Opossum,Opossum 1,Fuller Home,Yes,1,1/26/2023,1:15:06,night,clear,Yes,First,Alone,1,No,No,No,No,No,135.552,135.552,0,0,No,Yes,123.122,123.122,No,35,35,6,6,0.284270886,0.284270886,No,No,Raccoon,0,1,1,NA
Opossum 1_Opossum_Gunther-Murphy Home_2_Alone,Opossum,Opossum 1,Gunther-Murphy Home,Yes,2,2/17/2023,2:19:19,night,clear,No,NotFirst,Alone,1,No,No,No,No,No,83.661,83.661,0,0,No,Yes,76.729,76.729,No,23,23,5,5,0.299756285,0.299756285,No,No,Opossum,0,1,1,NA
Opossum 1_Opossum_Hilltop Lake Park_3_Alone,Opossum,Opossum 1,Hilltop Lake Park,No,3,11/15/2023,4:59:15,night,rainy,No,NotFirst,Alone,1,No,No,No,No,No,6.732,6.732,0,0,No,No,0,0,No,1,1,1,1,0,0,DidNotAttempt,DidNotAttempt,Opossum,NA,1,NA,NA
Opossum 1_Opossum_Hirooka Home_1_Alone,Opossum,Opossum 1,Hirooka Home,Yes,1,1/25/2023,20:52:56,night,clear,No,First,Alone,1,No,No,No,No,No,22.363,22.363,0,0,No,Yes,14.531,14.531,No,4,4,2,2,0.275273553,0.275273553,No,No,Raccoon,0,1,1,NA
Opossum 1_Opossum_Lim Home_3_Alone,Opossum,Opossum 1,Lim Home,Yes,3,11/29/2023,0:41:51,night,precip,Yes,NotFirst,Alone,1,No,No,No,No,No,39.876,39.876,0,0,Yes,Yes,22.901,22.901,No,9,9,5,5,0.392995939,0.392995939,No,No,Opossum,0,1,1,NA
Opossum 1_Opossum_Marcus Home_24_Alone,Opossum,Opossum 1,Marcus Home,Yes,24,1/28/2023,3:31:35,night,clear,No,NotFirst,Alone,1,No,No,No,No,No,17.164,17.164,0,0,Yes,Yes,13.032,13.032,No,4,4,2,2,0.306936771,0.306936771,No,No,Skunk,0,1,1,NA
Opossum 1_Opossum_Metropolitan Golf Links_1_Alone,Opossum,Opossum 1,Metropolitan Golf Links,No,1,12/4/2023,20:55:26,night,clear,Yes,First,Alone,1,No,No,Yes,No,No,79.771,79.771,0,0,No,Yes,74.807,74.807,No,18,18,5,5,0.240619193,0.240619193,No,No,None,0,1,1,NA
Opossum 1_Opossum_Mira Vista Park_2_Alone,Opossum,Opossum 1,Mira Vista Park,No,2,11/21/2023,5:21:28,night,clear,No,NotFirst,Alone,1,No,No,No,No,No,83.013,83.013,0,0,No,Yes,54.526,54.526,No,3,3,3,3,0.055019624,0.055019624,No,No,None,0,1,1,NA
Opossum 1_Opossum_Mirmalek Home_1_Alone,Opossum,Opossum 1,Mirmalek Home,Yes,1,11/24/2022,0:44:41,night,clear,No,First,Alone,1,No,No,No,No,No,326.892,326.892,0,0,Yes,Yes,314.903,314.903,No,41,41,5,5,0.130198823,0.130198823,No,No,None,0,1,1,NA
Opossum 1_Opossum_Morello-Frosch Home_12_Alone,Opossum,Opossum 1,Morello-Frosch Home,Yes,12,11/23/2022,0:52:11,night,clear,No,NotFirst,Alone,1,No,No,No,No,No,108.776,108.776,0.159005663,0.159005663,No,Yes,75.547,75.547,No,19,19,6,6,0.251499067,0.251499067,No,No,Raccoon,0,1,1,NA
Opossum 1_Opossum_Neumann Home_1_Alone,Opossum,Opossum 1,Neumann Home,Yes,1,11/6/2023,21:46:49,night,clear,No,First,Alone,1,No,No,No,No,No,85.255,85.255,0,0,No,Yes,82.8,82.8,No,26,26,5,5,0.314009662,0.314009662,No,No,None,0,1,1,NA
Opossum 1_Opossum_North Richmond Ballpark_12_Alone,Opossum,Opossum 1,North Richmond Ballpark,No,12,11/13/2023,4:59:05,night,clear,No,NotFirst,Alone,1,No,No,No,No,Yes,341.739,341.739,0,0,No,Yes,321.344,321.344,No,61,61,7,7,0.189827724,0.189827724,No,No,Raccoon,0,1,1,NA
Opossum 1_Opossum_Ochoa Home_2_Alone,Opossum,Opossum 1,Ochoa Home,Yes,2,12/11/2023,21:10:53,night,clear,No,NotFirst,Alone,1,No,No,No,No,No,114.382,114.382,0,0,No,Yes,106.015,106.015,No,28,28,7,7,0.264113569,0.264113569,No,No,None,0,1,1,NA
Opossum 1_Opossum_Osborne Home_9_Alone,Opossum,Opossum 1,Osborne Home,Yes,9,12/7/2023,1:50:14,night,clear,Yes,NotFirst,Alone,1,No,No,No,No,No,59.873,59.873,0,0,No,Yes,54.749,54.749,No,10,10,4,4,0.182651738,0.182651738,No,No,None,0,1,1,NA
Opossum 1_Opossum_Point Pinole East_1_Alone,Opossum,Opossum 1,Point Pinole East,No,1,11/9/2023,23:30:34,night,clear,No,First,Alone,1,No,No,No,No,No,36.997,36.997,0,0,No,Yes,28.498,28.498,No,9,9,4,4,0.315811636,0.315811636,No,No,Opossum,0,1,1,NA
Opossum 1_Opossum_Schell Home_3_Alone,Opossum,Opossum 1,Schell Home,Yes,3,11/22/2022,23:06:09,night,clear,No,NotFirst,Alone,1,No,No,No,No,No,19.978,19.978,0,0,No,Yes,19.978,19.978,No,4,4,4,4,0.200220242,0.200220242,No,No,Raccoon,0,1,1,NA
Opossum 1_Opossum_Scott Home_8_Alone,Opossum,Opossum 1,Scott Home,Yes,8,12/4/2022,6:55:42,night,clear,No,NotFirst,Alone,1,No,No,No,No,No,63.756,63.756,0,0,No,Yes,48.003,48.003,No,7,7,3,3,0.145824219,0.145824219,No,No,None,0,1,1,NA
Opossum 1_Opossum_Shannon Home_3_Alone,Opossum,Opossum 1,Shannon Home,Yes,3,11/23/2022,0:38:35,night,clear,No,NotFirst,Alone,1,No,No,No,No,No,152.08,152.08,0,0,No,Yes,145.681,145.681,No,30,30,5,5,0.205929394,0.205929394,No,No,None,0,1,1,NA
Opossum 1_Opossum_Sherman Home_3_Alone,Opossum,Opossum 1,Sherman Home,Yes,3,11/24/2022,1:10:05,night,clear,No,NotFirst,Alone,1,No,No,No,Yes,No,39.956,39.956,0,0,No,Yes,39.956,39.956,No,8,8,6,6,0.200220242,0.200220242,Yes,Yes,Opossum,1,1,1,NA
Opossum 1_Opossum_Shunick Home_3_Alone,Opossum,Opossum 1,Shunick Home,Yes,3,2/18/2023,23:31:56,night,clear,No,NotFirst,Alone,1,No,No,No,No,No,44.238,44.238,0,0,No,Yes,27.343,27.343,No,7,7,4,4,0.256007022,0.256007022,No,No,Raccoon,0,1,1,NA
Opossum 1_Opossum_Sibley Volcanic Regional Preserve_13_Alone,Opossum,Opossum 1,Sibley Volcanic Regional Preserve,No,13,11/17/2023,20:12:10,night,clear,No,NotFirst,Alone,1,No,No,No,Yes,No,40.529,40.529,0,0,No,Yes,35.251,35.251,No,5,5,4,4,0.141839948,0.141839948,No,No,None,0,1,1,NA
Opossum 1_Opossum_Squire Home_2_Alone,Opossum,Opossum 1,Squire Home,Yes,2,11/29/2023,2:49:17,night,rainy,No,NotFirst,Alone,1,No,No,No,No,No,22.331,22.331,0,0,No,Yes,22.331,22.331,No,8,8,4,4,0.358246384,0.358246384,No,No,Raccoon,0,1,1,NA
Opossum 1_Opossum_Tarvin Home_1_Alone,Opossum,Opossum 1,Tarvin Home,Yes,1,11/24/2022,3:18:26,night,clear,No,First,Alone,1,No,No,No,No,No,105.072,105.072,0,0,Yes,Yes,99.748,99.748,No,31,31,4,4,0.310783174,0.310783174,No,No,None,0,1,1,NA
Opossum 1_Opossum_Wildcat Marsh Staging Area_3_Alone,Opossum,Opossum 1,Wildcat Marsh Staging Area,No,3,11/15/2023,18:57:26,night,clear,No,NotFirst,Alone,1,No,No,Yes,No,No,50.915,50.915,0,0,No,Yes,34.521,34.521,No,17,17,6,6,0.492453869,0.492453869,No,No,Raccoon,0,1,1,NA
Opossum 1_Opossum_Williams Home_4_Alone,Opossum,Opossum 1,Williams Home,Yes,4,2/26/2023,6:57:36,night,clear,Yes,NotFirst,Alone,1,No,No,No,No,No,77.442,77.442,0,0,No,Yes,71.227,71.227,No,26,26,6,6,0.365030115,0.365030115,No,No,None,0,1,1,NA
Raccoon 1_Raccoon_Ahern Home_4_Alone,Raccoon,Raccoon 1,Ahern Home,Yes,4,1/26/2023,19:05:52,night,clear,No,NotFirst,Alone,1,No,No,No,Yes,No,67.355,67.355,0,0,No,Yes,63.412,63.412,No,14,14,7,7,0.220778402,0.220778402,Yes,No,Raccoon,1,1,1,NA
Raccoon 1_Raccoon_Albe Home_15_Alone,Raccoon,Raccoon 1,Albe Home,Yes,15,11/30/2022,20:03:36,night,clear,No,NotFirst,Alone,1,No,No,No,No,No,23.43,23.43,0,0,No,Yes,9.498,9.498,No,5,5,3,3,0.526426616,0.526426616,No,No,Raccoon,0,1,1,NA
Raccoon 1_Raccoon_Andrews Home_2_Alone,Raccoon,Raccoon 1,Andrews Home,Yes,2,1/26/2023,22:22:08,night,clear,Yes,NotFirst,Alone,1,No,No,No,No,No,75.964,75.964,0,0,Yes,Yes,64.696,64.696,No,25,25,6,6,0.386422654,0.386422654,No,No,None,0,1,1,NA
Raccoon 1_Raccoon_Bates-Luterman Home_5_Alone,Raccoon,Raccoon 1,Bates-Luterman Home,Yes,5,11/28/2023,19:01:15,night,clear,No,NotFirst,Alone,1,No,No,No,No,No,45.228,45.228,0,0,No,Yes,42.997,42.997,No,11,11,4,4,0.255831802,0.255831802,No,No,Raccoon,0,1,1,NA
Group_Raccoon_Beery Home_4_Group,Raccoon,Group,Beery Home,Yes,4,11/23/2022,4:20:37,night,clear,Yes,NotFirst,Group,2,Yes,Yes,Yes,Yes,No,113.117,214.604,0,0,No,Yes,95.363,190.726,No,15,25,6,6,0.157293709,0.131078091,Yes,No,Raccoon,1,1,1,NA
Raccoon 1_Raccoon_Belgum Trail_10_Alone,Raccoon,Raccoon 1,Belgum Trail,No,10,12/2/2023,0:11:39,night,clear,Yes,NotFirst,Alone,1,No,No,Yes,Yes,Yes,40.197,40.197,0,0,No,Yes,34.231,34.231,No,2,2,2,2,0.058426572,0.058426572,Yes,Yes,Raccoon,1,1,1,NA
Raccoon 1_Raccoon_Berges Home_173_Alone,Raccoon,Raccoon 1,Berges Home,Yes,173,2/4/2023,23:10:30,night,clear,No,NotFirst,Alone,1,No,No,No,No,No,81.043,81.043,0,0,No,Yes,79.342,79.342,No,41,41,8,8,0.516750271,0.516750271,No,No,Raccoon,0,1,1,NA
Raccoon 1_Raccoon_Briones 1 South_1_Alone,Raccoon,Raccoon 1,Briones 1 South,No,1,12/4/2023,5:33:49,night,clear,No,First,Alone,1,No,No,No,No,No,70.261,70.261,0,0,No,Yes,57.929,57.929,No,12,12,7,7,0.207150132,0.207150132,No,No,None,0,1,1,NA
Raccoon 1_Raccoon_Bushrod Community Garden_4_Alone,Raccoon,Raccoon 1,Bushrod Community Garden,No,4,2/6/2023,0:09:24,night,clear,Yes,NotFirst,Alone,1,No,No,No,No,No,24.852,24.852,0,0,No,Yes,24.852,24.852,No,7,7,5,5,0.281667471,0.281667471,Yes,No,Raccoon,1,1,1,NA
Raccoon 1_Raccoon_Butterfly Hill_2_Alone,Raccoon,Raccoon 1,Butterfly Hill,No,2,11/14/2023,23:42:09,night,clear,No,NotFirst,Alone,1,No,No,No,No,No,85.954,85.954,0,0,No,Yes,80.256,80.256,No,18,18,5,5,0.224282297,0.224282297,Yes,No,Raccoon,1,1,1,NA
Raccoon 1_Raccoon_Carquinez_4_Alone,Raccoon,Raccoon 1,Carquinez,No,4,12/2/2023,3:51:56,night,clear,Yes,NotFirst,Alone,1,No,No,No,No,No,301.282,301.282,0,0,Yes,Yes,296.383,296.383,No,40,40,7,7,0.134960507,0.134960507,Yes,Yes,Raccoon,1,1,1,NA
Raccoon 1_Raccoon_Chen Home_6_Alone,Raccoon,Raccoon 1,Chen Home,Yes,6,11/24/2022,19:10:37,night,clear,No,NotFirst,Alone,1,No,No,No,No,No,86.232,86.232,0,0,Yes,Yes,68.084,68.084,No,14,14,6,6,0.205628341,0.205628341,Yes,Yes,Raccoon,1,1,1,NA
Raccoon 1_Raccoon_Claremont-Clark Kerr Trak_3_Alone,Raccoon,Raccoon 1,Claremont-Clark Kerr Trak,No,3,11/17/2023,4:07:44,night,clear,No,NotFirst,Alone,1,No,No,Yes,No,Yes,46.963,46.963,0,0,No,Yes,45.997,45.997,No,12,12,5,5,0.26088658,0.26088658,No,No,Raccoon,0,1,1,NA
Raccoon 1_Raccoon_Cleary Home_1_Alone,Raccoon,Raccoon 1,Cleary Home,Yes,1,1/26/2023,19:42:55,night,clear,No,First,Alone,1,No,No,No,Yes,No,13.798,13.798,0,0,Yes,Yes,10.699,10.699,No,2,2,2,2,0.186933358,0.186933358,No,No,Raccoon,0,1,1,NA
Raccoon 1_Raccoon_Corica Park Golf Course_1_Alone,Raccoon,Raccoon 1,Corica Park Golf Course,No,1,2/22/2023,2:45:54,night,clear,No,First,Alone,1,No,No,No,No,No,20.008,20.008,0,0,No,Yes,15.733,15.733,No,5,5,4,4,0.317803343,0.317803343,Yes,Yes,Raccoon,1,1,1,NA
Raccoon 1_Raccoon_Dunn Home_1_Alone,Raccoon,Raccoon 1,Dunn Home,Yes,1,11/23/2023,22:57:51,night,clear,No,First,Alone,1,No,No,No,No,No,44.669,44.669,0,0,No,Yes,40.975,40.975,No,4,4,4,4,0.0976205,0.0976205,Yes,No,Raccoon,1,1,1,NA
Raccoon 1_Raccoon_Ehara-Brown Home_34_Alone,Raccoon,Raccoon 1,Ehara-Brown Home,Yes,34,2/9/2023,3:06:26,night,clear,No,NotFirst,Alone,1,No,No,No,No,No,34.291,34.291,0,0,No,Yes,26.923,26.923,No,9,9,3,3,0.334286669,0.334286669,No,No,None,0,1,1,NA
Group_Raccoon_Fahrer Home_2_Group,Raccoon,Group,Fahrer Home,Yes,2,1/28/2023,1:23:34,night,clear,Yes,NotFirst,Group,2,No,No,Yes,No,No,100.6655,128.716,0,0,Yes,Yes,96.002,124.021,No,13,22,7,7,0.135413846,0.177389313,Yes,No,Raccoon,1,1,1,NA
Raccoon 1_Raccoon_Foothill Lot_1_Alone,Raccoon,Raccoon 1,Foothill Lot,No,1,11/13/2023,19:14:52,night,clear,No,First,Alone,1,No,No,No,No,No,NA,NA,NA,NA,No,Yes,NA,NA,No,NA,NA,NA,NA,NA,NA,Yes,Yes,Raccoon,1,1,1,dummy
Raccoon 1_Raccoon_Frey Home_7_Alone,Raccoon,Raccoon 1,Frey Home,Yes,7,2/24/2023,5:50:12,night,rainy,No,NotFirst,Alone,1,No,No,No,No,No,40.131,40.131,0,0,No,Yes,40.131,40.131,No,17,17,6,6,0.423612669,0.423612669,Yes,No,Raccoon,1,1,1,NA
Group_Raccoon_Fuller Home_6_Group,Raccoon,Group,Fuller Home,Yes,6,1/29/2023,3:38:15,night,clear,Yes,NotFirst,Group,2,Yes,Yes,No,No,No,71.428,119.859,0,0,No,Yes,59.3465,107.194,No,10,17,7,7,0.168501934,0.158590966,Yes,No,Raccoon,1,1,1,NA
Raccoon 1_Raccoon_Getz Home 2_8_Alone,Raccoon,Raccoon 1,Getz Home 2,Yes,8,11/12/2023,18:59:04,night,clear,No,NotFirst,Alone,1,No,No,No,No,No,12.832,12.832,0,0,No,Yes,11.4,11.4,No,4,4,3,3,0.350877193,0.350877193,Yes,No,Raccoon,1,1,1,NA
Group_Raccoon_Hamilton Home - Yard_10_Group,Raccoon,Group,Hamilton Home - Yard,Yes,10,2/3/2023,4:25:34,night,clear,No,NotFirst,Group,3,No,No,No,No,No,6.732666667,20.198,0,0,No,Yes,6.299666667,18.899,No,8,8,5,5,1.269908461,0.42330282,Yes,Yes,Raccoon,1,1,1,NA
Raccoon 1_Raccoon_Herman Home_1_Alone,Raccoon,Raccoon 1,Herman Home,Yes,1,11/11/2023,3:30:09,night,clear,Yes,First,Alone,1,No,No,No,No,No,39.531,39.531,0,0,No,Yes,32.599,32.599,No,3,3,2,2,0.092027363,0.092027363,Yes,Yes,Raccoon,1,1,1,NA
Raccoon 1_Raccoon_Hirooka Home_2_Alone,Raccoon,Raccoon 1,Hirooka Home,Yes,2,1/25/2023,23:45:31,night,clear,No,NotFirst,Alone,1,No,No,No,No,No,20.231,20.231,0,0,No,Yes,14.332,14.332,No,6,6,5,5,0.418643595,0.418643595,Yes,No,Raccoon,1,1,1,NA
Group_Raccoon_Hoover Home_5_Group,Raccoon,Group,Hoover Home,Yes,5,11/23/2022,3:59:11,night,clear,Yes,NotFirst,Group,2,No,No,No,No,No,10.0595,20.119,0,0,Yes,Yes,10.0595,20.119,No,1,1,1,1,0.099408519,0.04970426,Yes,Yes,Raccoon,1,1,1,NA
Raccoon 1_Raccoon_Huckleberry Botanic Regional Preserve_2_Alone,Raccoon,Raccoon 1,Huckleberry Botanic Regional Preserve,No,2,11/16/2023,3:21:57,night,clear,No,NotFirst,Alone,1,No,No,No,Yes,No,27.464,27.464,0,0,No,Yes,20.699,20.699,No,8,8,7,7,0.386492101,0.386492101,Yes,No,Raccoon,1,1,1,NA
Group_Raccoon_Jean Sweeney Park_31_Group,Raccoon,Group,Jean Sweeney Park,No,31,12/3/2023,0:23:51,night,rainy,No,NotFirst,Group,2,No,No,Yes,No,No,17.032,34.064,0,0,No,Yes,16.1325,32.265,No,14,14,7,7,0.86781342,0.43390671,No,No,Raccoon,0,1,1,NA
Group_Raccoon_John Herbert Davis Park_1_Group,Raccoon,Group,John Herbert Davis Park,No,1,12/5/2023,0:18:46,night,clear,Yes,First,Group,2,Yes,Yes,No,No,No,198.3655,247.844,0,0,Yes,Yes,149.9905,175.157,No,29,55,7,7,0.193345579,0.314004008,No,No,Raccoon,0,1,1,NA
Raccoon 1_Raccoon_Johns Home_14_Alone,Raccoon,Raccoon 1,Johns Home,Yes,14,11/24/2022,23:57:42,night,clear,No,NotFirst,Alone,1,No,No,No,Yes,No,158.062,158.062,0,0,Yes,Yes,143.479,143.479,No,11,11,6,6,0.076666272,0.076666272,Yes,No,Raccoon,1,1,1,NA
Group_Raccoon_Lake Chabot Dumpster_1_Group,Raccoon,Group,Lake Chabot Dumpster,No,1,12/1/2023,19:00:26,night,clear,No,First,Group,2,No,No,No,Yes,No,27.414,50.229,0,0,No,Yes,22.4315,44.863,No,7,7,4,4,0.312061164,0.156030582,No,No,Raccoon,0,1,1,NA
Raccoon 1_Raccoon_Leadingham Home - Front_8_Alone,Raccoon,Raccoon 1,Leadingham Home - Front,Yes,8,2/13/2023,0:20:12,night,clear,No,NotFirst,Alone,1,No,No,Yes,No,No,4.932,4.932,0,0,No,No,0,0,No,1,1,1,1,0,0,DidNotAttempt,DidNotAttempt,Raccoon,NA,1,NA,NA
Group_Raccoon_Lerman Home_3_Group,Raccoon,Group,Lerman Home,Yes,3,1/28/2023,1:33:54,night,clear,Yes,NotFirst,Group,2,No,No,No,No,No,137.3075,274.615,0,0,Yes,Yes,131.659,263.318,No,33,33,8,8,0.250647506,0.125323753,Yes,No,Raccoon,1,1,1,NA
Raccoon 1_Raccoon_Maness Home_1_Alone,Raccoon,Raccoon 1,Maness Home,Yes,1,1/25/2023,1:14:29,night,clear,Yes,First,Alone,1,No,No,No,No,No,40.098,40.098,0,0,No,Yes,33.32,33.32,No,5,5,4,4,0.150060024,0.150060024,No,No,Raccoon,0,1,1,NA
Raccoon 1_Raccoon_Metropolitan Golf Links_4_Alone,Raccoon,Raccoon 1,Metropolitan Golf Links,No,4,12/9/2023,18:16:02,night,clear,Yes,NotFirst,Alone,1,No,No,Yes,No,No,178.564,178.564,0,0,No,Yes,168.556,168.556,No,18,18,6,6,0.106789435,0.106789435,No,No,None,0,1,1,NA
Group_Raccoon_Miller Knox-Crest Trail_3_Group,Raccoon,Group,Miller Knox-Crest Trail,No,3,11/25/2023,17:25:42,night,clear,No,NotFirst,Group,3,Yes,Yes,Yes,No,No,16.52,40.23,0,0,No,Yes,11.15466667,33.464,No,7,9,7,7,0.627540043,0.268945733,Yes,No,Raccoon,1,1,1,NA
Group_Raccoon_Miller Knox-Pickleweed_1_Group,Raccoon,Group,Miller Knox-Pickleweed,No,1,11/24/2023,19:15:18,night,clear,Yes,First,Group,2,Yes,Yes,No,No,No,26.198,43.731,0,0,Yes,Yes,21.8825,36.232,No,7,8,7,7,0.319890323,0.220799293,Yes,No,Raccoon,1,1,1,NA
Raccoon 1_Raccoon_Mirmalek Home_3_Alone,Raccoon,Raccoon 1,Mirmalek Home,Yes,3,11/24/2022,22:32:34,night,clear,No,NotFirst,Alone,1,No,No,No,No,No,78.63,78.63,0,0,No,Yes,73.506,73.506,No,14,14,6,6,0.190460643,0.190460643,No,No,None,0,1,1,NA
Raccoon 1_Raccoon_Morello-Frosch Home_39_Alone,Raccoon,Raccoon 1,Morello-Frosch Home,Yes,39,11/23/2022,22:11:58,night,clear,No,NotFirst,Alone,1,No,No,No,No,No,42.057,42.057,0,0,No,Yes,36.413,36.413,No,9,9,6,6,0.247164474,0.247164474,Yes,No,Raccoon,1,1,1,NA
Raccoon 1_Raccoon_North Richmond Ballpark_20_Alone,Raccoon,Raccoon 1,North Richmond Ballpark,No,20,11/18/2023,4:45:59,night,rainy,Yes,NotFirst,Alone,1,No,No,No,No,Yes,20.098,20.098,0,0,No,Yes,18.166,18.166,No,6,6,6,6,0.33028735,0.33028735,Yes,Yes,Raccoon,1,1,1,NA
Raccoon 1_Raccoon_OZ Creek_1_Alone,Raccoon,Raccoon 1,OZ Creek,No,1,2/25/2023,5:38:32,night,clear,No,First,Alone,1,No,No,No,No,No,20.098,20.098,0,0,No,Yes,17.432,17.432,No,6,6,5,5,0.344194585,0.344194585,Yes,Yes,Raccoon,1,1,1,NA
Raccoon 1_Raccoon_OZ SEKI Gate_1_Alone,Raccoon,Raccoon 1,OZ SEKI Gate,No,1,2/17/2023,19:51:27,night,clear,Yes,First,Alone,1,No,No,No,No,No,138.059,138.059,0,0,No,Yes,114.828,114.828,No,12,12,4,4,0.104504128,0.104504128,Yes,Yes,Raccoon,1,1,1,NA
Raccoon 1_Raccoon_Osborne Home_8_Alone,Raccoon,Raccoon 1,Osborne Home,Yes,8,12/6/2023,20:32:47,night,clear,No,NotFirst,Alone,1,No,No,No,No,No,99.669,99.669,0,0,No,Yes,95.626,95.626,No,25,25,7,7,0.261435175,0.261435175,No,No,None,0,1,1,NA
Group_Raccoon_Phoenixx Home_1_Group,Raccoon,Raccoon 1,Phoenixx Home,Yes,1,1/30/2023,23:00:46,night,clear,Yes,First,Group,1,No,No,No,No,No,108.226,108.226,0,0,Yes,Yes,87.394,87.394,No,13,25,5,5,0.148751631,0.286060828,Yes,No,Raccoon,1,1,1,NA
Raccoon 1_Raccoon_Point Molate Beach Park_1_Alone,Raccoon,Raccoon 1,Point Molate Beach Park,No,1,11/24/2023,20:57:53,night,clear,Yes,First,Alone,1,No,No,Yes,No,No,97.939,97.939,0,0,No,Yes,93.906,93.906,No,14,14,5,5,0.149085255,0.149085255,Yes,No,Raccoon,1,1,1,NA
Raccoon 1_Raccoon_Point Pinole South_2_Alone,Raccoon,Raccoon 1,Point Pinole South,No,2,11/10/2023,5:37:49,night,clear,No,NotFirst,Alone,1,No,No,No,No,No,30.437,30.437,0,0,Yes,Yes,20.369,20.369,No,5,5,5,5,0.245471059,0.245471059,No,No,Raccoon,0,1,1,NA
Raccoon 1_Raccoon_Roberts Regional-Graham Trail_2_Alone,Raccoon,Raccoon 1,Roberts Regional-Graham Trail,No,2,11/13/2023,20:33:20,night,clear,Yes,NotFirst,Alone,1,No,No,Yes,Yes,Yes,410.998,410.998,0,0,Yes,Yes,397.866,397.866,No,113,113,9,9,0.284015221,0.284015221,Yes,No,Raccoon,1,1,1,NA
Group_Raccoon_Scharnagl Home_1_Group,Raccoon,Group,Scharnagl Home,Yes,1,11/24/2022,4:57:26,night,clear,No,First,Group,3,Yes,Yes,No,No,No,30.89266667,44.58,0,0,No,Yes,17.42266667,25.144,No,7,15,5,5,0.401775465,0.596563793,Yes,No,Raccoon,1,1,1,NA
Raccoon 1_Raccoon_Schell Home_13_Alone,Raccoon,Raccoon 1,Schell Home,Yes,13,11/30/2022,20:27:53,night,clear,Yes,NotFirst,Alone,1,No,No,No,No,No,25.161,25.161,0,0,No,Yes,25.161,25.161,No,3,3,2,2,0.119232145,0.119232145,No,No,Raccoon,0,1,1,NA
Raccoon 1_Raccoon_Scott Home_7_Alone,Raccoon,Raccoon 1,Scott Home,Yes,7,12/3/2022,3:08:13,night,clear,Yes,NotFirst,Alone,1,No,No,No,No,No,57.231,57.231,0,0,No,Yes,55.11,55.11,No,2,2,2,2,0.036291054,0.036291054,No,No,None,0,1,1,NA
Raccoon 1_Raccoon_Shannon Home_38_Alone,Raccoon,Raccoon 1,Shannon Home,Yes,38,12/3/2022,21:36:39,night,clear,No,NotFirst,Alone,1,No,No,No,No,No,54.657,54.657,0,0,No,Yes,47.493,47.493,No,11,11,6,6,0.23161308,0.23161308,No,No,None,0,1,1,NA
Raccoon 1_Raccoon_Shunick Home_10_Alone,Raccoon,Raccoon 1,Shunick Home,Yes,10,2/20/2023,20:16:40,night,clear,No,NotFirst,Alone,1,No,No,No,No,No,9.729,9.729,0,0,No,Yes,9.729,9.729,No,4,4,4,4,0.411141947,0.411141947,Yes,No,Raccoon,1,1,1,NA
Raccoon 1_Raccoon_Sibley Volcanic Regional Preserve_9_Alone,Raccoon,Raccoon 1,Sibley Volcanic Regional Preserve,No,9,11/14/2023,6:24:50,night,clear,No,NotFirst,Alone,1,No,No,No,Yes,No,47.643,47.643,0,0,No,Yes,41.879,41.879,No,15,15,4,4,0.358174742,0.358174742,No,No,None,0,1,1,NA
Raccoon 1_Raccoon_Sobrante Ridge Regional Preserve_1_Alone,Raccoon,Raccoon 1,Sobrante Ridge Regional Preserve,No,1,11/10/2023,18:39:12,night,clear,No,First,Alone,1,No,No,No,Yes,No,139.76,139.76,0,0,No,Yes,128.806,128.806,No,31,31,6,6,0.240672018,0.240672018,No,No,Raccoon,0,1,1,NA
Raccoon 1_Raccoon_Squire Home_5_Alone,Raccoon,Raccoon 1,Squire Home,Yes,5,11/29/2023,5:02:48,night,rainy,Yes,NotFirst,Alone,1,No,No,No,No,No,23.598,23.598,0,0,No,Yes,19.832,19.832,No,8,8,5,5,0.403388463,0.403388463,Yes,No,Raccoon,1,1,1,NA
Raccoon 1_Raccoon_Tarvin Home_4_Alone,Raccoon,Raccoon 1,Tarvin Home,Yes,4,11/29/2022,5:44:44,night,clear,No,NotFirst,Alone,1,No,No,No,No,No,64.859,64.859,0,0,No,Yes,59.075,59.075,No,6,6,5,5,0.101565806,0.101565806,No,No,None,0,1,1,NA
Group_Raccoon_Tilden Regional Park-Arroyo Pkwy_4_Group,Raccoon,Group,Tilden Regional Park-Arroyo Pkwy,No,4,11/17/2023,18:31:01,night,rainy,Yes,NotFirst,Group,2,No,No,Yes,Yes,Yes,12.2975,21.431,0,0,No,Yes,8.1325,15.599,No,3,5,3,3,0.368890255,0.320533368,Yes,Yes,Raccoon,1,1,1,NA
Raccoon 1_Raccoon_Tudor Home_1_Alone,Raccoon,Raccoon 1,Tudor Home,Yes,1,1/28/2023,21:15:08,night,clear,No,First,Alone,1,No,No,No,Yes,No,5.344,5.344,0,0,Yes,No,0,0,No,1,1,1,1,0,0,DidNotAttempt,DidNotAttempt,Coyote,NA,1,NA,NA
Group_Raccoon_UC Gill Tract_2_Group,Raccoon,Group,UC Gill Tract,No,2,12/4/2023,23:48:36,night,clear,Yes,NotFirst,Group,2,Yes,Yes,No,No,No,17.3845,32.008,0,0,No,Yes,12.1055,24.211,No,3,4,3,3,0.247821238,0.165214159,Yes,Yes,Raccoon,1,1,1,NA
Group_Raccoon_UCB Women's Faculty Club_1_Group,Raccoon,Group,UCB Women's Faculty Club,No,1,11/7/2023,18:34:27,night,clear,Yes,First,Group,5,Yes,Yes,No,No,No,22.3552,83.402,0.037270971,0.049950841,Yes,Yes,12.718,55.704,No,4,8,3,3,0.314514861,0.143616257,Yes,Yes,Raccoon,1,1,1,NA
Group_Raccoon_Wildcat Marsh Staging Area_5_Group,Raccoon,Group,Wildcat Marsh Staging Area,No,5,11/18/2023,22:59:39,night,clear,No,NotFirst,Group,2,No,No,Yes,No,No,7.496,12.871,0,0,No,Yes,5.2,10.4,No,6,9,6,6,1.153846154,0.865384615,Yes,No,Raccoon,1,1,1,NA
Group_Raccoon_Wilkinson Home_2_Group,Raccoon,Group,Wilkinson Home,Yes,2,11/23/2022,22:49:04,night,clear,Yes,NotFirst,Group,2,No,No,Yes,No,No,39.082,78.164,0,0,Yes,Yes,37.7615,75.523,No,6,6,4,4,0.158891993,0.079445997,Yes,Yes,Raccoon,1,1,1,NA
Red Fox 1_Red Fox_Huntsinger Home 1_3_Alone,Red Fox,Red Fox 1,Huntsinger Home 1,Yes,3,11/24/2022,2:46:19,night,clear,No,NotFirst,Alone,1,No,No,No,Yes,No,11.099,11.099,1,1,No,No,0,0,No,0,0,0,0,0,0,DidNotAttempt,DidNotAttempt,Red Fox,NA,1,NA,NA
Red Fox 1_Red Fox_Metropolitan Golf Links_6_Alone,Red Fox,Red Fox 1,Metropolitan Golf Links,No,6,12/11/2023,1:56:52,night,clear,No,NotFirst,Alone,1,No,No,Yes,No,No,1.96,1.96,0,0,No,No,0,0,No,1,1,1,1,0,0,DidNotAttempt,DidNotAttempt,None,NA,1,NA,NA
Red Fox 1_Red Fox_Monarch Bay Golf Club_1_Alone,Red Fox,Red Fox 1,Monarch Bay Golf Club,No,1,11/28/2023,21:40:59,night,clear,No,First,Alone,1,No,No,Yes,No,No,51.55,51.55,0,0,Yes,Yes,40.303,40.303,No,17,17,5,5,0.421804828,0.421804828,No,No,Red Fox,0,1,1,NA
Red Fox 1_Red Fox_Temescal Regional Recreation Area_4_Alone,Red Fox,Red Fox 1,Temescal Regional Recreation Area,No,4,11/11/2023,23:44:13,night,clear,No,NotFirst,Alone,1,No,No,No,Yes,No,1.798,1.798,0,0,No,Yes,0.432,0.432,No,3,3,3,3,6.944444444,6.944444444,Yes,No,Red Fox,1,1,1,NA
Red Fox 1_Red Fox_Wildcat Canyon Regional Park_4_Alone,Red Fox,Red Fox 1,Wildcat Canyon Regional Park,No,4,11/24/2023,1:53:16,night,clear,No,NotFirst,Alone,1,No,No,No,Yes,No,14.651,14.651,0.243191591,0.243191591,No,No,0,0,No,1,1,1,1,0,0,DidNotAttempt,DidNotAttempt,None,NA,1,NA,NA
Skunk 1_Skunk_Ahern Home_3_Alone,Skunk,Skunk 1,Ahern Home,Yes,3,1/26/2023,3:33:15,night,clear,No,NotFirst,Alone,1,No,No,No,Yes,No,27.398,27.398,0,0,No,Yes,17.511,17.511,No,4,4,3,3,0.228427845,0.228427845,No,No,Raccoon,0,1,1,NA
Skunk 1_Skunk_Albe Home_8_Alone,Skunk,Skunk 1,Albe Home,Yes,8,11/25/2022,23:26:27,night,clear,No,NotFirst,Alone,1,No,No,No,No,No,36.848,36.848,0,0,No,Yes,23.517,23.517,No,12,12,5,5,0.510269167,0.510269167,No,No,Raccoon,0,1,1,NA
Skunk 1_Skunk_Andrews Home_10_Alone,Skunk,Skunk 1,Andrews Home,Yes,10,1/30/2023,5:41:54,night,clear,No,NotFirst,Alone,1,No,No,No,No,No,4.883,4.883,0,0,No,Yes,2.382,2.382,No,1,1,1,1,0.419815281,0.419815281,No,No,None,0,1,1,NA
Skunk 1_Skunk_Belgum Trail_9_Alone,Skunk,Skunk 1,Belgum Trail,No,9,12/1/2023,21:34:54,night,clear,No,NotFirst,Alone,1,No,No,Yes,Yes,Yes,1.999,1.999,0,0,No,No,0,0,No,1,1,1,1,0,0,DidNotAttempt,DidNotAttempt,Raccoon,NA,1,NA,NA
Skunk 1_Skunk_Blake Garden 2_4_Alone,Skunk,Skunk 1,Blake Garden 2,No,4,11/15/2023,1:12:13,night,clear,No,NotFirst,Alone,1,No,No,No,Yes,No,7.966,7.966,0,0,No,No,0,0,No,1,1,1,1,0,0,DidNotAttempt,DidNotAttempt,Opossum,NA,1,NA,NA
Skunk 1_Skunk_Carquinez_2_Alone,Skunk,Skunk 1,Carquinez,No,2,11/29/2023,19:12:42,night,clear,No,NotFirst,Alone,1,No,No,No,No,No,20.098,20.098,0,0,No,Yes,15.566,15.566,No,8,8,4,4,0.51394064,0.51394064,No,No,Raccoon,0,1,1,NA
Skunk 1_Skunk_Chen Home_5_Alone,Skunk,Skunk 1,Chen Home,Yes,5,11/24/2022,18:25:31,night,clear,No,NotFirst,Alone,1,No,No,No,No,No,2.021,2.021,0,0,No,No,0,0,No,1,1,1,1,0,0,DidNotAttempt,DidNotAttempt,Raccoon,NA,1,NA,NA
Skunk 1_Skunk_Ehara-Brown Home_1_Alone,Skunk,Skunk 1,Ehara-Brown Home,Yes,1,1/29/2023,19:47:35,night,clear,No,First,Alone,1,No,No,No,No,No,37.098,37.098,0,0,No,Yes,23.662,23.662,No,7,7,4,4,0.295832981,0.295832981,No,No,None,0,1,1,NA
Skunk 1_Skunk_Getz Home 2_2_Alone,Skunk,Skunk 1,Getz Home 2,Yes,2,11/9/2023,20:14:19,night,clear,No,NotFirst,Alone,1,No,No,No,No,No,13.864,13.864,0,0,No,Yes,3.199,3.199,No,4,4,3,3,1.250390747,1.250390747,No,No,Raccoon,0,1,1,NA
Skunk 1_Skunk_Hamilton Home - Yard_6_Alone,Skunk,Skunk 1,Hamilton Home - Yard,Yes,6,1/31/2023,2:18:01,night,clear,No,NotFirst,Alone,1,No,No,No,No,No,32.298,32.298,0,0,No,Yes,32.298,32.298,No,6,6,3,3,0.185770017,0.185770017,No,No,Raccoon,0,1,1,NA
Skunk 1_Skunk_Harley Home_6_Alone,Skunk,Skunk 1,Harley Home,Yes,6,2/17/2023,3:15:42,night,clear,No,NotFirst,Alone,1,No,No,No,No,No,20.364,20.364,0,0,No,Yes,13.298,13.298,No,9,9,5,5,0.676793503,0.676793503,Yes,Yes,Skunk,1,1,1,NA
Skunk 1_Skunk_Marcus Home_7_Alone,Skunk,Skunk 1,Marcus Home,Yes,7,1/27/2023,22:31:20,night,clear,No,NotFirst,Alone,1,No,No,No,No,No,4.066,4.066,0,0,No,Yes,4.066,4.066,No,3,3,2,2,0.737825873,0.737825873,No,No,Skunk,0,1,1,NA
Skunk 1_Skunk_Mason Home_7_Alone,Skunk,Skunk 1,Mason Home,Yes,7,12/2/2022,22:32:29,night,clear,No,NotFirst,Alone,1,No,No,No,No,No,45.127,45.127,0,0,No,Yes,25.529,25.529,No,13,13,4,4,0.509224803,0.509224803,No,No,None,0,1,1,NA
Skunk 1_Skunk_Merrill Home_1_Alone,Skunk,Skunk 1,Merrill Home,Yes,1,2/6/2023,4:31:26,night,clear,Yes,First,Alone,1,No,No,No,No,No,119.69,119.69,0,0,No,Yes,116.328,116.328,No,32,32,7,7,0.275084245,0.275084245,No,No,None,0,1,1,NA
Skunk 1_Skunk_Mirmalek Home_4_Alone,Skunk,Skunk 1,Mirmalek Home,Yes,4,11/24/2022,22:45:29,night,clear,No,NotFirst,Alone,1,No,No,No,No,No,32.368,32.368,0,0,No,Yes,23.881,23.881,No,5,5,4,4,0.209371467,0.209371467,No,No,None,0,1,1,NA
Skunk 1_Skunk_Ochoa Home_1_Alone,Skunk,Skunk 1,Ochoa Home,Yes,1,12/9/2023,12/9/2023,night,clear,Yes,First,Alone,1,No,No,No,No,No,75.345,75.345,0,0,No,Yes,68.2,68.2,No,11,11,4,4,0.161290323,0.161290323,No,No,None,0,1,1,NA
Skunk 1_Skunk_Shannon Home_1_Alone,Skunk,Skunk 1,Shannon Home,Yes,1,11/22/2022,3:56:44,night,clear,No,First,Alone,1,No,No,No,No,No,16.165,16.165,0,0,No,Yes,12.833,12.833,No,5,5,3,3,0.38962051,0.38962051,No,No,None,0,1,1,NA
Skunk 1_Skunk_Shunick Home_1_Alone,Skunk,Skunk 1,Shunick Home,Yes,1,2/18/2023,21:16:41,night,clear,No,First,Alone,1,No,No,No,No,No,26.162,26.162,0,0,No,Yes,10.007,10.007,No,3,3,2,2,0.299790147,0.299790147,No,No,Raccoon,0,1,1,NA
Skunk 1_Skunk_Tarvin Home_11_Alone,Skunk,Skunk 1,Tarvin Home,Yes,11,12/3/2022,1:53:29,night,clear,No,NotFirst,Alone,1,No,No,No,No,No,17.995,17.995,0,0,No,Yes,17.576,17.576,No,3,3,2,2,0.170687301,0.170687301,No,No,None,0,1,1,NA
Skunk 1_Skunk_Temescal Regional Recreation Area_1_Alone,Skunk,Skunk 1,Temescal Regional Recreation Area,No,1,11/7/2023,2:00:41,night,clear,No,First,Alone,1,No,No,No,Yes,No,3.329,3.329,0,0,No,No,0,0,No,1,1,1,1,0,0,DidNotAttempt,DidNotAttempt,Red Fox,NA,1,NA,NA
Skunk 1_Skunk_University Village Community Garden_8_Alone,Skunk,Skunk 1,University Village Community Garden,No,8,12/12/2023,3:48:37,night,clear,No,NotFirst,Alone,1,No,No,Yes,No,No,63.637,63.637,0,0,No,Yes,56.515,56.515,No,24,24,7,7,0.424666018,0.424666018,Yes,No,Skunk,1,1,1,NA
Skunk 1_Skunk_Wildcat Marsh Staging Area_4_Alone,Skunk,Skunk 1,Wildcat Marsh Staging Area,No,4,11/18/2023,22:41:50,night,clear,No,NotFirst,Alone,1,No,No,Yes,No,No,3.742,3.742,0,0,No,No,0,0,No,1,1,1,1,0,0,DidNotAttempt,DidNotAttempt,Raccoon,NA,1,NA,NA
